Ticker,Date,Shares (Basic),Shares (Diluted),Revenue,Provision for Loan Losses,Net Revenue after Provisions,Total Non-Interest Expense,Operating Income (Loss),Pretax Income (Loss),"Income Tax (Expense) Benefit, Net",Income (Loss) from Continuing Operations,Net Income,Net Income (Common),"Cash, Cash Equivalents & Short Term Investments",Short & Long Term Investments,Net Loans,Net Fixed Assets,Total Assets,Total Deposits,Short Term Debt,Long Term Debt,Total Liabilities,Share Capital & Additional Paid-In Capital,Retained Earnings,Total Equity,Total Liabilities & Equity,Net Income/Starting Line,Depreciation & Amortization,Non-Cash Items,Change in Working Capital,Net Cash from Operating Activities,Change in Fixed Assets & Intangibles,Net Change in Loans & Interbank,Net Cash from Investing Activities,Dividends Paid,Cash from (Repayment of) Debt,Cash from (Repurchase of) Equity,Net Cash from Financing Activities,Net Change in Cash,EBITDA,Total Debt,Free Cash Flow,Operating Margin,Net Profit Margin,Return on Equity,Return on Assets,Free Cash Flow to Net Income,Liabilities to Equity Ratio,Debt Ratio,"Earnings Per Share, Basic","Earnings Per Share, Diluted",Sales Per Share,Equity Per Share,Free Cash Flow Per Share,Dividends Per Share,Sector,Industry
ABCB,2021-06-30,69292000.0,69485750.0,16.764286202566712,-1.0900364463217278,15.674249756244986,-8.769769341195857,6.904480415049129,6.904480415049129,-1.6137841212047075,5.290696293844421,5.290696293844421,5.290696293844421,3.225970792572578,37.03815530522445,207.54233781746618,3.332337925401971,308.36721198231294,257.2595532177461,0.13412822053442613,6.119686410523021,268.6814346826508,28.638159622656445,11.311441554563345,39.68577729966216,308.36721198231294,5.290696293844421,0.4897407022303134,144.81549094598532,-149.71245183364934,0.4720104481854193,-0.20047275880306395,-21.42915633781027,-11.459471906110245,-0.5999935238520129,-16.180324742842956,0.044152937832577184,41.30982251756655,30.322361059641725,7.394221117279442,6.253814631057447,-140.90491935396827,0.41186000000000006,0.31559,0.13330999999999998,0.017159999999999998,-26.632590000000004,6.77022,0.02028,5.30549,5.2907,16.81116,39.79674,-141.29891,0.6016699999999999,1,1
ABTX,2021-06-30,20347250.0,20459000.0,10.778777066327777,-0.8320543526076544,9.946722713720122,-6.354758297081969,3.5919644166381546,3.5919644166381546,-0.6579011681900386,2.934063248448116,2.934063248448116,2.934063248448116,30.51615425973899,40.23246492985972,225.1532821741043,3.231585121462437,314.33550026883034,262.68092282125224,3.6658683220098736,5.300992228359157,277.16178698861137,25.685028593772913,10.305195757368395,37.173713280218976,314.33550026883034,2.934063248448116,0.3734297864020724,0.11828535119018525,-0.7435358521921892,3.5142968864558384,0.24429346497873797,-34.43516300894472,-47.88274109193998,-0.41761571924336477,45.24092086612249,-0.5963145803802727,66.33633119898333,21.967886993499192,3.9653942030402267,5.300992228359157,4.1240529840168145,0.33324000000000004,0.27221,0.07893,0.00933,1.4055799999999998,7.45585,0.01686,2.95018,2.9340599999999997,10.83798,37.37788,4.1467,0.41991000000000006,1,1
AJX,2021-06-30,22828292.0,22798385.0,2.363983238286396,0.9406368038788713,3.3046200421652676,-1.2829856149898338,2.021634427175434,1.885308981316001,-0.010000708383510498,1.8753082729324906,1.625071249564388,1.287810518157317,6.0345941170832935,17.0211618059788,49.281122325112065,0.31133784257086633,73.99528519235025,0.0,25.67738899049209,50.5781001592876,51.645675779227346,13.814136396064896,2.4782457178436106,22.349609413122902,73.99528519235025,1.8753082729324906,0.0010527061456326841,-2.3370953688166947,0.8672544129770595,0.3134432548621317,0.42415285117783563,3.4908613044301164,1.5796294342779105,-1.021914490872928,5.126108713402287,-17.177707982385595,2.7812496367615513,4.674322325901594,2.0226871333210665,50.5781001592876,3.324095105859472,0.8551799999999999,0.54476,0.057620000000000005,0.0174,2.5812,2.31081,0.68353,1.2861200000000002,1.2878100000000001,2.36089,16.2939,3.3197400000000004,1.0205799999999998,2,2
ALTA,2021-06-30,18816271.0,18961013.0,6.548384308370022,-0.11075357629890344,6.437630732071119,-3.508884256342211,2.9287464757289077,2.9287464757289077,-0.7048674034451641,2.2238790722837436,2.2238790722837436,2.2238790722837436,1.7538092505922547,79.34876686177051,92.60834323566995,1.8966286242196027,185.73891595348834,166.60428427531798,3.404564935428292,0.0,167.26891121270788,4.642789918450032,14.543790460984336,18.470004740780464,185.73891595348834,2.2238790722837436,0.15753377733563076,22.829898381484153,-21.8079593110347,3.514105496367731,-0.08011175352287349,-8.290749022744723,-60.07738088677013,-0.5657398156944463,0.0,0.009018505498624995,54.132761788623846,-2.430513601778555,3.086280253064538,0.0,-18.09692340804787,0.44725,0.33960999999999997,0.1204,0.01197,-8.13755,9.05625,0.0,2.24099,2.22388,6.59876,18.594070000000002,-18.23613,0.57009,1,1
ARI,2021-06-30,144468803.0,152215508.0,1.5987332906972922,0.3882850096982234,1.9870183003955155,-0.17907505193229062,1.807943248463225,1.3438446758000506,0.0,1.3438446758000506,1.3438446758000506,1.2548918471565986,1.9318662327100073,37.80336232232001,0.0,0.0,47.46803459736836,0.0,27.773471018472048,3.7230831959645005,32.51717295454547,17.798797478637983,-2.8483825708481687,14.950861642822884,47.46803459736836,1.3438446758000506,0.0,-0.3302488731962843,-0.0027592457924852177,1.010836556811281,0.0,-1.1200632723966601,-1.256711635453071,-1.5063379744460728,0.580131427870017,-0.6016995324812765,-1.646691610423821,-1.8925666890656108,0.0,31.496554214436546,0.0,1.13086,0.78493,0.08392999999999999,0.026439999999999998,0.0,2.1749400000000003,0.6635300000000001,1.32218,1.25489,1.6844599999999998,15.752089999999999,0.0,1.58711,2,2
AXP,2021-06-30,804250000.0,805250000.0,43.267308289351135,-1.780813411983856,41.48649487736728,-32.995963986339646,8.490530891027632,8.490530891027632,-2.277553554796647,6.212977336230984,6.212977336230984,6.212977336230984,49.75721825520025,26.678671220117977,84.15523129462899,6.138466314809065,239.76032288109283,110.76435889475319,1.9596398633964607,52.18131015212667,209.398323502018,14.950636448307979,19.010245265445512,30.36199937907482,239.76032288109283,6.212977336230984,2.0217323812480594,-0.4545172306737038,2.9692642036634584,12.530270102452654,-1.8155852219807513,16.009934802856257,-6.856255821173549,-1.8056504191244955,-15.452343992548897,-0.5712511642347097,-3.9602607885749768,2.0763737969574665,10.51226327227569,54.14095001552313,13.943495808755046,0.19623,0.1436,0.20463,0.025910000000000002,2.24425,6.896719999999999,0.22580999999999998,6.2207,6.21298,43.32111,30.39975,13.96083,1.8079,1,3
BAC,2021-06-30,8724325000.0,8770125000.0,9.758355781702086,-0.5357962400763957,9.222559541625689,-6.528185174099571,2.6943743675261187,2.6943743675261187,-0.19338378871452802,2.5009905788115905,2.5009905788115905,2.336568749020111,37.18316443608273,135.40856031128405,101.12968743318937,1.2317954419121735,338.6487649833953,214.92715326178362,36.93847009022106,28.64394749219652,307.40633685380766,9.472042872821083,19.393338179330396,31.242428129587662,338.6487649833953,2.5009905788115905,0.8005587149556022,2.547056056783683,-10.190276649420618,-3.8058750587933465,0.004560938413078491,19.490258120608313,-22.84277590114166,-1.009221647353943,0.592351876398569,1.2524336882313536,35.153318795342145,8.63283020481464,3.4949330824817206,65.58241758241758,-0.613674263479711,0.27610999999999997,0.23944000000000001,0.07479,0.0069,-0.35591,9.83939,0.19366,2.34884,2.33657,9.80958,28.61895,-0.51298,1.01452,1,1
BK,2021-06-30,887948000.0,889755500.0,17.556508501492825,-0.0944079581413096,17.462100543351518,-12.523665209150154,4.938435334201362,4.938435334201362,-0.8968756023424412,4.0415597318589205,4.005594795424136,3.750468527589883,6.733310443149832,194.12973564085863,67.88943704197389,3.9572669120898945,522.5975000997465,378.49499103967327,22.158896460881667,28.490973081930935,471.56887482010507,31.40413293314849,39.13659426662718,51.02862527964143,522.5975000997465,4.005594795424136,1.9578412271685872,0.3731362155108904,-2.4422439647745926,3.9887362314703307,-1.3239592225055086,-32.94388177426271,5.42171416754378,-1.4880492449892133,-2.185993792676752,0.3765079283016514,-9.993756711815774,-0.4888983546603533,6.896276561369949,50.6498695428126,4.02694897643229,0.28129,0.21361999999999998,0.0735,0.00718,1.07372,9.24126,0.09692,3.7581,3.7504699999999995,17.59225,45.5128,4.03515,1.49108,1,4
BOH,2021-06-30,39762705.0,39930730.0,16.833025592069067,-1.7505314828955043,15.082494109173561,-9.425322301896308,5.657171807277252,5.657171807277252,-1.1741333053515426,4.4830385019257095,4.4830385019257095,4.4830385019257095,7.180359587716027,187.6657151021281,299.0769264674099,4.961266673561941,549.6336029919813,489.76442454220097,15.038292563146229,1.5140970375447682,515.569086766007,14.910421121777638,46.18139963882454,34.06451622597433,549.6336029919813,4.4830385019257095,0.5177966944255715,1.0837017004197018,0.5213528528028413,8.356421232469328,-0.5596692071494811,-20.78076208474025,-68.70089777973004,-2.6952925729131425,-3.826676847630885,0.12203633642560505,81.28436419769936,20.939887650438646,6.174968501702824,16.552389600690997,7.3107854527077265,0.33608000000000005,0.26632,0.1316,0.008159999999999999,1.63077,15.135079999999999,0.030119999999999997,4.5019800000000005,4.48304,16.90416,34.208459999999995,7.34168,2.70668,1,1
BOKF,2021-06-30,69594400.0,69597058.0,28.09071325974727,-1.4917440906769364,26.598969169070337,-16.635214666688928,9.963754502381407,9.645091607176843,-2.2109411578863005,7.434150449290543,7.457369821580676,7.457369821580676,10.40249431233142,290.5783028932056,318.712394423339,7.981012645678212,681.6741161673817,543.882558943799,12.96026047537814,3.966029713497372,606.0625292523141,19.709741179002137,58.674074987480076,75.61158691506759,681.6741161673817,7.434150449290543,1.565152366066968,57.33308439560764,-51.90867407067695,15.915457230965137,-0.6955466422158247,2.110850720155441,-8.095902559559342,-2.076050398567135,-113.75250948107605,-0.9669661611270982,-1.4095279717139768,6.410026699691818,11.528906868448376,16.926290188875512,-38.8643726865581,0.3547,0.26547,0.09863,0.01094,-5.21154,8.01547,0.02483,7.45765,7.45737,28.091790000000003,75.28568,-38.86586,2.07613,1,1
C,2021-06-30,2081825000.0,2094725000.0,34.798839943190636,-4.016278986501808,30.782560956688826,-20.838057501581353,9.944503455107473,9.944503455107473,-2.0437050209454704,7.900798434162002,7.861175094582821,7.861175094582821,12.50951795581759,397.9605914857559,307.60601033548556,0.0,1104.8065975247348,621.0719784219885,234.53150174843952,122.37167169914905,1007.7661745575194,51.42679826707563,83.45534616715798,97.04042296721526,1104.8065975247348,7.861175094582821,1.8961916241988805,6.014154602632804,0.9881965413121054,13.4194225972383,-1.7940302426332813,-0.18570456742531835,-30.26125147692418,-2.550692811705594,-17.055222045853274,0.3885951616560646,36.039098210982345,18.50457697311103,11.840695079306354,356.9031734475886,13.078566398930647,0.28576999999999997,0.2259,0.08101,0.0071200000000000005,1.6636900000000001,10.385010000000001,0.32305,7.909889999999999,7.86118,35.01447,87.55251,13.15961,2.5665,1,1
CFG,2021-06-30,426621361.0,427780699.0,16.146123507082304,-2.047778223860446,14.09834528322186,-9.343572557956852,4.754772725265008,4.754772725265008,-0.9350585497079661,3.8197141755570416,3.8197141755570416,3.5672483671358908,2.6111510000594955,82.45813820599699,280.5199025587641,1.736871256082547,437.64714125169075,353.8004410993774,0.16363524619889408,19.439867248428616,384.69243793535435,44.300736438789166,16.05028000573724,52.95470331633639,437.64714125169075,3.8197141755570416,1.2296019928659754,2.0524535166089857,-7.400988420938552,1.7485594879538966,-0.26181639391823053,8.29630698228393,3.646728343861068,-1.8186888791819942,-21.036479722054967,0.7012939122809746,19.38843902819468,24.783726860009644,5.984374718130983,19.60350249462751,-0.743371547017833,0.29448,0.22094,0.06736,0.00815,-0.20839000000000002,7.26456,0.044789999999999996,3.57694,3.56725,16.19,53.09861,-0.74539,1.8236299999999999,1,1
CFR,2021-06-30,62893006.0,63195324.0,20.858125515742273,-1.0459001681833295,19.812225347558943,-13.211151508614783,6.60107383894416,6.60107383894416,-0.391547956934282,6.209525882009878,6.209525882009878,6.175488553551842,8.491197861411392,196.44453440890658,278.95090782349655,16.465965108431124,696.9944010414441,584.3024081971635,30.436175942384597,3.7254655107077226,629.4590561795363,15.829272431612187,44.26061649751175,67.53534486190782,696.9944010414441,6.209525882009878,0.5385366803404632,2.654990739504714,-2.6148295402362365,7.834123929802148,-1.112930444030954,-41.192636341258414,-38.35842348082589,-2.9104210305180174,11.906672082257225,2.893299510577713,150.89212929741447,120.36782974639073,7.139610519284623,34.16164145309232,3.8033984919517145,0.31647,0.29607,0.09144,0.00886,0.6158899999999999,9.32044,0.049010000000000005,6.20517,6.17549,20.958389999999998,65.54729,3.82168,2.92441,1,1
CIT,2021-06-30,98585750.0,98651750.0,25.15819535892673,-1.7130968279832846,23.445098530943444,-18.183154378913706,5.261944152029741,3.9867513652824202,-0.8160017435068309,3.1707496217755895,3.1707496217755895,2.865635926377383,1.5975388171015719,62.74394524172151,344.8007764687398,78.39090538181026,568.1510971675616,425.9904157807642,0.0,49.05843028633552,509.19927928293214,70.10417960147691,17.17658328412826,58.95181788462952,568.1510971675616,3.170749631912257,3.3836196519575172,-2.6142465795082197,5.486978183357112,11.140197715701952,0.15407734784228358,37.29584117869171,41.485325906534854,-1.7272881626529686,-23.47145387689524,1.9776638528966795,-35.97807437779867,16.72651525188352,8.645563803987258,49.05843028633552,15.102621078693485,0.20915,0.1139,0.04861,0.00504,5.27025,8.63755,0.08635,2.86755,2.86564,25.17504,53.665969999999994,15.112729999999999,1.7284400000000002,1,1
CMA,2021-06-30,138750000.0,140000000.0,20.535714285714285,0.4,20.935714285714287,-12.9,8.035714285714286,8.035714285714286,-1.6857142857142857,6.35,6.35,6.192857142857143,7.6,112.65,355.75,3.257142857142857,616.3642857142858,527.1928571428572,0.07142857142857142,20.37142857142857,558.1357142857142,26.557142857142857,71.25,58.22857142857143,616.3642857142858,6.35,0.8142857142857143,0.24285714285714285,-4.235714285714286,2.7714285714285714,-0.55,19.45,-0.42857142857142855,-2.7785714285714285,-25.314285714285713,-19.978571428571428,69.2,71.54285714285714,8.85,20.37142857142857,5.75,0.3913,0.30157,0.10635,0.01005,0.9284899999999999,9.58526,0.03305,6.24865,6.19286,20.72072,58.75315,5.8018,2.8036,1,1
CNND,2021-06-30,1895522.0,1927635.0,53.085257323092804,-1.309895286192666,51.77536203690014,-35.56378671273348,16.21157532416666,16.21157532416666,-5.3646048136706375,10.846970510496023,11.080935965574396,11.080935965574396,27.745397857996977,151.59820194175765,772.8465191802389,7.770143206571784,1013.4205905163582,443.48748596077576,0.0,0.0,934.0056597851772,10.23793404871773,73.62545295141456,79.41493073118096,1013.4205905163582,11.080935965574396,3.655256311490505,-2.2540574330721324,8.63182085820189,22.423850988387326,-0.921855019233413,-40.610904035255636,-51.27267350924838,-3.258915717965279,42.623214457093795,-1.9599146103904526,18.31933950151351,-10.529483019347543,19.866831635657164,0.0,32.94140228829628,0.30539,0.20874,0.13953,0.01093,2.9728,11.76108,0.0,11.26866,11.08094,53.9846,79.82287,33.49948,3.3141300000000005,1,1
COF,2021-06-30,458050000.0,459525000.0,61.774658614874056,-8.743811544529677,53.03084707034438,-32.788205211903595,20.24264185844078,20.24264185844078,-4.173875197214515,16.068766661226267,16.057885860399324,15.300582122844242,10.162667972362765,325.6950111528208,498.5887601327458,9.307437027365214,925.2488983189163,675.3234318045808,57.25259779119743,0.15233121157717208,792.0940101191447,73.28872204994288,93.93830585931124,133.1548881997715,925.2488983189163,16.057885860399324,7.5360426527392415,20.181709373809912,-24.392579293836025,28.12904629780752,-1.5973015613949186,22.860562537402753,-18.736739023992165,-1.6212393232141886,-36.3201131603286,-1.5733637995756489,49.30743702736521,58.699744301180566,27.77868451118002,57.4049290027746,5.962678853163593,0.32769000000000004,0.24768,0.11490999999999998,0.01654,0.3897,5.94867,0.06204,15.34985,15.300579999999998,61.973580000000005,133.58366999999998,5.98188,1.62646,1,3
DFS,2021-06-30,306750000.0,306750000.0,35.84352078239609,-9.656071719641401,26.187449062754688,-14.47758761206194,11.709861450692747,11.709861450692747,-2.5982070089649554,9.111654441727792,9.111654441727792,8.893235533822331,66.33414832925835,30.748166259168705,257.53871230643847,3.328443357783211,371.21760391198046,250.1874490627547,34.88182559087205,68.49551752241238,331.5957620211899,13.972290138549308,69.67563162184189,39.62184189079055,371.21760391198046,9.111654441727792,1.5680521597392012,-0.5052974735126324,-0.19233903830480847,19.638141809290953,-0.7921760391198044,-0.5118174409127955,17.294213528932357,-1.9462102689486553,-16.13039934800326,1.2355338223308883,-6.083129584352078,30.84922575387123,13.277913610431948,68.49551752241238,14.89160554197229,0.32669000000000004,0.24811,0.22445,0.02396,1.6744900000000003,8.369010000000001,0.18452000000000002,8.893239999999999,8.893239999999999,35.84352,36.1793,14.89161,1.9462099999999998,1,3
EWBC,2021-06-30,141544000.0,142380750.0,11.39581720141241,-0.9606846431136231,10.435132558298786,-5.116723995343472,5.318408562955315,5.318408562955315,-0.9079317253210143,4.410476837634301,4.410476837634301,4.410476837634301,4.0895275520040455,75.00171898237647,265.2814513197887,0.717231788707392,399.45109152747125,347.9904130298513,2.107026406308437,5.655469577172476,362.3321200372944,13.106413612795269,29.203610740918275,37.11897149017687,399.45109152747125,4.410476837634301,0.8864400559766682,0.4215878902169008,0.1555617595777519,6.834751186519245,-0.010977607576866957,-34.061388214347794,-69.02123355860957,-1.1594053269139262,-1.579946727349027,0.01633647807024475,72.09570113937453,10.809684595705528,6.204848618931983,7.762495983480913,7.257364496253882,0.4667,0.38703000000000004,0.11882000000000001,0.011040000000000001,1.6454799999999998,9.76137,0.019430000000000003,4.43655,4.410480000000001,11.46318,37.3384,7.300269999999999,1.16626,1,1
FCNCA,2021-06-30,9892476.0,9892476.0,195.98824399472892,-1.9229766137415951,194.06526738098734,-119.75161728974626,74.31365009124106,74.31365009124106,-15.494199834298309,58.81945025694275,58.81945025694275,56.92932689450043,41.49567812951985,1800.4455103050036,3332.856203037541,130.1378946989611,5449.455323419536,4784.545042110792,134.38253476682684,58.7977165676217,5012.6182767590235,0.9922692761650369,404.8852885768942,436.8370466605125,5449.455323419536,58.81945025694275,14.360611034082872,-30.007452128263946,-1.902961402180809,43.19262437432246,-10.560652358418661,-402.7331478994743,-1253.3575011958583,-3.5770620014645473,-3.115600179368643,-17.961327376482895,1205.7448509351957,-4.4200258863402855,88.67426112532394,193.1802513344485,91.70484719902277,0.37917,0.29047,0.13032,0.01045,1.61085,11.4748,0.03545,56.92933000000001,56.92933000000001,195.98825,402.47388,91.70485,3.57706,1,1
FFIN,2021-06-30,142039273.0,142611854.0,3.5332546760103125,-0.05378234547038425,3.479472330539928,-1.6151742897894028,1.8642980407505256,1.8642980407505256,-0.30958857038630183,1.5547094703642237,1.5547094703642237,1.5547094703642237,1.3347417810023001,0.45862246486186203,72.70937659922716,0.9986196519119652,84.86592566141101,66.00746527003288,3.8468330970579765,0.0,73.18787819699756,4.721010078166434,6.136565618170843,11.678047464413442,84.86592566141101,1.5547094703642237,0.09029403684773638,0.30969375098370155,-0.020419059975196732,1.9342781982204649,-0.08942454390923212,-3.7174749863359886,-8.954669364301232,-0.5083378272327909,13.273595054728059,-0.025096090539570435,12.740161136955697,5.719769970874932,1.954592077598262,3.8468330970579765,2.154337044100135,0.52764,0.44001999999999997,0.13313,0.01832,1.38568,6.26713,0.04533,1.56098,1.55471,3.5475,11.72512,2.16302,0.51039,1,1
FHB,2021-06-30,129899575.0,130279650.0,5.512979195139072,-0.6180397322221851,4.894939462916887,-2.820947093425566,2.073992369491321,2.073992369491321,-0.5036626978964097,1.5703296715949113,1.5703296715949113,1.5703296715949113,2.1415009942074605,54.96949063034787,100.55233491953655,2.455863214247198,180.36275043723253,154.54202555809752,1.5351591748979982,1.535235932856743,159.76375435457496,19.331131147496944,3.8180790322970624,20.598996082657575,180.36275043723253,1.5703296715949113,0.45742370354848205,2.5045584632749627,-1.960636216016853,3.1897153546236883,-0.286813788646193,0.265728377378969,-21.279370953176493,-1.037222620723958,-3.070387431958867,-0.07085527171741711,19.701403864686466,1.6117482661336593,2.531416073039803,1.535235932856743,0.787628766273167,0.3762,0.28484,0.07622999999999999,0.008709999999999999,0.50157,7.7559,0.00851,1.57492,1.57033,5.52911,20.659270000000003,0.78993,1.04026,1,1
FITB,2021-06-30,714948865.0,720501019.0,10.59956863156081,-0.3941701573082716,10.20539847425254,-6.569039980774822,3.636358493477717,3.636358493477717,-0.7564180835669297,2.8799404099107875,2.8799404099107875,2.7314326393756287,4.333095884212761,101.08937819559142,148.01783368470157,3.8723054186270347,287.15989921452143,225.38899421043013,1.9541957094719946,20.462150102802283,255.79977701599893,7.832049991868228,26.18039322995045,31.360122198522525,287.15989921452143,2.8799404099107875,0.6884098522003617,21.865340345896165,-26.421891847456223,-0.5940310821406347,-0.34975661845663536,11.766811949505376,-27.818142475104537,-1.2255360876873376,-6.7439182900031405,0.230395232792863,28.19010586298699,-0.2220676942581812,4.324768345678079,22.41634581227428,-21.69046203666785,0.34307,0.25769000000000003,0.0871,0.00951,-7.94106,8.15685,0.07806,2.75264,2.73143,10.68188,28.644009999999998,-21.85891,1.23505,1,1
FMAO,2021-06-30,11076461.0,11076461.0,7.169799090160657,-0.65463147480048,6.515167615360177,-4.156562281039043,2.3586053343211337,2.3586053343211337,-0.4718113484081242,1.8867939859130096,1.8867939859130096,1.8867939859130096,10.665771314501988,34.69158605803785,119.82654026407893,2.4107880666938657,179.9568472276479,152.02066797328135,2.7149465880844073,1.6106227431306805,157.67283431052573,6.325847217807204,15.945255438537634,22.284012917122176,179.9568472276479,1.8867939859130096,0.30831147240982476,3.4331362697886987,-3.1476660279849313,2.634054324752283,-0.2816784169600742,0.022389822886569998,-23.836404064438995,-0.6596872412587378,-0.722974603530857,-0.021306444359800482,28.845856090677337,7.643506350990628,2.6669168067309585,4.325569331215087,-0.2906162898059227,0.32896,0.26316,0.08467000000000001,0.01048,-0.15403,7.0756,0.02404,1.8867900000000002,1.8867900000000002,7.1698,22.284010000000002,-0.29062,0.65969,1,1
FMBH,2021-06-30,16868566.0,16916070.0,11.531165335683761,-1.3453479442920253,10.185817391391735,-7.150360574294147,3.035456817097588,3.035456817097588,-0.7074929342335424,2.327963882864046,2.327963882864046,2.327963882864046,24.21052880485834,72.29297348615843,229.54433269666063,5.122584619240757,345.0724665953735,280.07054830111247,26.171681720399597,0.0,309.4918618804486,24.565339348914968,11.728965415725993,35.580604714924924,345.0724665953735,2.327963882864046,0.6911770878224079,12.19337588458785,-12.50964319726745,4.048221602298879,-0.16977938729267494,-21.832257728893296,-41.56656954008821,-0.9500433611352992,4.0348024097795765,0.029025654303866086,50.96828045757673,13.449932519787398,3.7266339049199964,26.171681720399597,-8.245295745406587,0.26324000000000003,0.20188,0.06543,0.00675,-3.54185,8.69833,0.07584,2.33452,2.32796,11.56364,35.6808,-8.26852,0.9527200000000001,1,1
FNB,2021-06-30,322550514.0,325162883.0,3.7550411311859353,-0.2491059227076665,3.505935208478269,-2.2757825037490518,1.2301527047292171,1.2301527047292171,-0.20912595980396692,1.0210267449252504,1.0210267449252504,0.996423690830666,1.0425544172580117,20.783429946400126,77.40735894508599,1.0148759814016042,118.32531328614158,93.35013799837665,5.188169032195473,3.35524150214894,103.02836440283376,12.944281835513188,2.8324266026390226,15.296948883307817,118.32531328614158,1.0210267449252504,-0.018452290570938258,7.144111832714929,-6.756613730725226,1.639178479051682,-0.12609065223474478,-6.652050750823242,-4.754540203778425,0.11993988871109867,-7.067227288669353,-0.7780715857412299,9.585964951602426,6.470603226875682,1.211700414158279,8.543410534344414,-5.461878008997725,0.3276,0.26536,0.06514,0.00842,-5.48148,6.73522,0.0722,1.0044899999999999,0.9964200000000001,3.78545,15.42084,-5.50611,-0.12090999999999999,1,1
GBCI,2021-06-30,95428397.0,95479136.0,8.398777299367268,-0.17877204083623044,8.220005258531037,-4.288559963508677,3.9314452950223595,3.9314452950223595,-0.748938490603853,3.1825068044185065,3.1825068044185065,3.1825068044185065,9.20043935043568,67.47092893676792,116.39697912641354,3.3761721513692793,207.06672502775893,168.6685141348577,10.440794101865354,1.3877272622156949,183.02602780150838,15.672460630561215,7.531195087479635,24.04069722625056,207.06672502775893,3.1825068044185065,0.24430468243868483,-0.40064250267199736,0.05784509822124909,3.2627861232426736,-0.1293476304603343,-12.188076356283743,-42.127381630265276,-1.3316102902313653,-5.476086419550341,0.005446216019382497,45.201152637158344,6.3365571301357395,4.175749977461044,11.828521364081048,4.853185935825812,0.4681,0.37893000000000004,0.13238,0.015369999999999998,1.52496,7.613169999999999,0.057120000000000004,3.1842,3.1825099999999997,8.40324,24.05348,4.85577,1.3323200000000002,1,1
GS,2021-06-30,356050000.0,360250000.0,148.56627342123525,-5.804302567661346,142.7619708535739,-88.72172102706453,54.04024982650937,54.04024982650937,-12.174878556557946,41.865371269951424,41.865371269951424,40.25815405968078,530.617626648161,1777.8736988202636,336.6023594725885,0.0,3612.902151283831,793.9430950728661,1254.378903539209,608.0333102012492,3341.8015267175574,156.41637751561416,330.90909090909093,271.10062456627344,3612.902151283831,41.865371269951424,5.448993754337266,-191.26995142262317,232.86328938237335,94.7120055517002,-5.587786259541985,23.744621790423317,-12.510756419153365,-6.520471894517696,-9.410131852879944,-13.046495489243581,155.59472588480222,237.79597501734906,59.48924358084663,1862.4122137404581,298.93962526023597,0.36375,0.27098,0.1485,0.01114,7.42557,12.326789999999999,0.51549,40.73304,40.25815,150.31878,248.45106,302.46595,6.597389999999999,1,1
HBAN,2021-06-30,1017084250.0,1034289750.0,4.864207539521686,-0.5288653397174244,4.335342199804262,-2.8386629568745123,1.4966792429297495,1.4966792429297495,-0.23881122287057374,1.2578680200591759,1.2578680200591759,1.1486143027135287,1.0596643735471611,29.230687048769457,75.92359877877549,0.7222347509486583,121.59842055864907,98.79629958626197,0.21173950529820101,6.970967274885979,108.44930059492516,8.523723647072785,2.149301005835164,13.149119963723898,121.59842055864907,1.2578680200591759,0.3084242109138179,0.09185047033483605,-1.4966792429297495,0.6903287980955046,-0.12569011730030197,-4.010481588935789,-4.537413234540901,-0.6893619510393485,-5.1146209270661345,1.4202983254934123,10.442915053542782,6.595830617097385,1.8051034538435675,7.18270678018418,0.42154531648408966,0.30769,0.23614000000000002,0.08735,0.00945,0.367,8.24765,0.059070000000000004,1.16804,1.1486100000000001,4.94649,10.74051,0.42868,0.70102,1,1
HOMB,2021-06-30,165183750.0,165231000.0,4.316139223269241,-0.15397231754331814,4.162166905725923,-1.7862931290133208,2.375873776712602,2.424611604359957,-0.5754247084384891,1.8491868959214675,1.8491868959214675,1.8491868959214675,15.000502327045167,15.367110288021014,63.76261718442665,1.6862453171620337,104.34023276503804,81.78001706701527,0.9860679896629567,4.663259315745835,88.331106148362,9.186756722406813,6.704661958107135,16.00912661667605,104.34023276503804,1.8491868959214675,0.12140578947049888,5.3752927719374695,-5.589144894117932,1.910712880754822,-0.003201578396305778,3.931907450781028,1.2494386646573585,-0.5399894692884507,-1.3765031985523297,-0.049070694966440925,8.381950118319201,11.542101663731382,2.497279566183101,5.649327305408791,-2.5196421978926473,0.5504600000000001,0.42844,0.11550999999999999,0.01772,-1.36257,5.51755,0.05414,1.84972,1.8491900000000001,4.3173699999999995,16.01371,-2.5203599999999997,0.54014,1,1
HTH,2021-06-30,87195000.0,87330750.0,25.831267909642364,-0.6507787921207593,25.180489117521606,-17.61766617142301,7.5628229460985965,7.5628229460985965,-1.7827970102169053,5.7800259358816914,5.937713806419846,5.937713806419846,17.914526097623117,29.13515571548395,87.78303174998497,2.4424844628037663,202.48122224989478,134.34877176710378,27.332251240256152,4.599903241412675,174.47258840671813,15.118855615003879,12.535412784156783,28.00863384317666,202.48122224989478,6.183606576148722,0.2974553636605663,-11.493488834116276,18.257440821245666,13.477749818935484,-0.24394614726198963,-5.34747497301924,-12.805088700142848,-0.39196960978807577,-19.172341929961668,11.21261411358542,11.655173006071745,12.327834124864381,7.860278309759162,31.932154481668828,27.656569993959746,0.29278000000000004,0.22987,0.212,0.02932,4.657780000000001,6.22924,0.1577,5.94696,5.93771,25.87148,27.74454,27.69963,0.39258000000000004,1,1
HWC,2021-06-30,86424500.0,86437750.0,14.727963187380514,-4.063039586291869,10.664923601088645,-9.006817044636168,1.658106556452476,1.658106556452476,0.3436924260522746,2.0017989825047504,2.0017989825047504,2.0017989825047504,5.884847766166981,92.6214530109819,245.73174336444436,4.367466760761357,405.75608458110025,337.9370703193917,19.12066197928567,4.599645409557746,366.2258677487556,23.990189471613967,15.903792035308648,39.530216832344664,405.75608458110025,2.0017989825047504,1.10378856460285,0.10717539500970351,-0.3493612455206203,6.926441282888553,-0.37805241344204354,-6.022843028653568,-44.412215727503316,-1.1059751092549261,-9.662028454003025,0.04993188739873493,37.85438653828911,0.36861209367434944,2.7618951210553258,23.720307388843416,1.6907890360403874,0.11258,0.13592,0.05064,0.0049299999999999995,0.8446299999999999,9.26445,0.058460000000000005,2.00211,2.0018,14.730220000000001,39.53628,1.69105,1.10614,1,1
IBKR,2021-06-30,83448827.0,84188328.0,30.63370019654031,0.0,30.63370019654031,-11.783106085679716,18.850594110860595,18.850594110860595,-1.3303506870928712,17.520243423767724,3.040801570497991,3.040801570497991,31.203850491008684,373.1752458606851,506.5429022417454,0.0,1232.522399067006,0.07126878680854666,145.74466902347794,0.0,1120.428475548297,14.847663918447223,9.276820416245824,112.09392351870915,1232.522399067006,17.520243423767724,0.5345159010641,-0.5345159010641,60.86354393449886,78.38378735826657,-0.7008097369507089,0.0,-0.7126878680854667,-4.145467766030465,2.149941735391158,0.011878131134757778,-1.983647899504549,76.70897086826572,19.385110011924695,145.74466902347794,80.8781948965657,0.61535,0.09926,0.02713,0.00247,26.597659999999998,9.995439999999999,0.11825,3.06775,3.0408,30.905170000000002,24.39819,81.59492,4.1822,1,5
IBOC,2021-06-30,63285036.0,63400856.0,8.323878150793421,-0.4689999769088291,7.854878173884592,-4.203949549198516,3.6509286246860766,3.6509286246860766,-0.7605575546172436,2.890371070068833,2.890371070068833,2.890371070068833,31.036962655519982,73.25667653446193,115.99133614221233,7.441902677149974,235.35223246828087,181.08556767750895,9.053111207205152,0.0,200.76902431727422,3.9003258883444727,36.36518724605232,34.583208151006666,235.35223246828087,2.890371070068833,0.44176059704935217,0.8631902383147635,0.7617405039452464,5.4260623862870245,-0.11097641962436595,30.030446276624403,-15.146388559801148,-1.6520439408578331,-1.586303503536293,-0.27898676951617185,35.16260095920472,25.44227478569059,4.092689221735429,9.053111207205152,5.504010860673553,0.43861000000000006,0.34724,0.08358,0.01228,1.9042599999999998,5.80539,0.03847,2.89566,2.89037,8.33911,34.6465,5.51408,1.65507,1,1
ISBC,2021-06-30,235761457.0,235838808.0,3.4608553482851727,-0.29748284684342535,3.1633725014417475,-1.8038040626460425,1.359568438795705,1.2573884786595428,-0.3178484518120529,0.9395400268474898,0.9395400268474898,0.9395400268474898,0.7226630826594069,18.76634739436098,87.26490425613073,0.5921968533694421,110.34298901307201,82.79137418299706,14.465469143653406,0.0,98.85207696606065,11.817444396174187,5.67761943572917,11.490912047011363,110.34298901307201,0.9395400268474898,0.0967652448446907,2.451309879415605,-2.8340373904874894,0.9510606074637216,-0.07528447141744374,6.11169981829284,5.6109934205569765,-0.5074440505143666,-4.3490594643778895,-0.10142520733907373,-6.5810627740282674,-0.019008746007569712,1.4563336836403955,14.465469143653406,-1.1351397264524845,0.39284,0.27148,0.08176,0.00851,-1.2081899999999999,8.60263,0.1311,0.93985,0.9395399999999999,3.46199,11.49468,-1.13551,0.50761,1,1
JPM,2021-06-30,3076825000.0,3081950000.0,40.09085157124548,-1.6350038125212933,38.45584775872418,-22.236246532227973,16.219601226496213,16.219601226496213,-3.0571553724103246,13.162445854085886,13.162445854085886,12.599166112363925,8.240561981862133,428.61240448417396,320.6755463261896,8.736676454841902,1197.0784730446633,739.1787666899204,178.57071010237024,90.66564999432178,1105.9952302925096,29.88692224078911,80.51752948620192,91.08324275215367,1197.0784730446633,13.162445854085886,2.7537760184298903,0.15379873132270153,-18.68167880724866,-0.9766543908888853,0.0,5.241162251172147,-36.13653693278606,-4.119145346290498,16.056392868151658,-1.0726974804912475,147.06630542351434,111.46773958046042,18.973377244926102,269.236360096692,0.0,0.40457,0.31427,0.13833,0.01052,0.0,12.14269,0.22491,12.62015,12.599169999999999,40.15763,80.97666,0.0,4.12601,1,1
KEY,2021-06-30,967867250.0,974481250.0,7.153549645003431,-0.5839004085507032,6.569649236452728,-4.360268604449804,2.2093806320029246,2.2093806320029246,-0.36019164042407176,1.8491889915788529,1.8666341707446912,1.7578583477106409,0.9625634151503685,63.504556911690194,102.09329322652437,0.7562998261895753,180.81722967989379,145.90634760802223,1.05184168499907,12.826311434930123,162.72144794987076,7.665616962871272,13.510778170436835,18.095781730023024,180.81722967989379,1.8666341707446912,0.07593783872188407,14.771962005425964,-15.614461540434975,1.6839728830082672,0.15187567744376815,-0.15598042548278893,-21.0665931232643,-0.8496828440772975,-7.1022402945156715,-0.14058762033646108,19.457531891968163,0.0749116517121289,2.2853184707248086,13.878153119929193,-12.817075751842326,0.30885,0.24573000000000003,0.09714,0.00972,-7.2913,8.992230000000001,0.07675,1.76987,1.7578599999999998,7.2024300000000006,16.25636,-12.90466,0.85549,1,1
LARK,2021-06-30,4735145.0,4735815.0,14.084798498252148,-0.5490079321088345,13.535790566143314,-7.86094896021065,5.674841605932664,5.674841605932664,-1.1356017918774277,4.539239814055237,4.539239814055237,4.539239814055237,23.047986460619768,225.58820393110796,148.3972663628119,4.290708146327506,263.7085696970849,226.20098124610018,4.571757976187837,5.451226452046797,236.62115179752587,15.284380829909953,10.423337904880153,27.087417899559,263.7085696970849,4.539239814055237,0.5794145252717853,93.88605762682874,-95.9754551222968,3.5782647759678112,0.07601648290737709,-35.512366931562994,-35.54763013335614,-0.7736788704795268,-1.0635972900123845,-0.06229128460465622,48.9398340095633,16.97046865217497,6.25425613120445,5.451226452046797,-88.50958071630754,0.40291,0.32228,0.16758,0.01721,-19.49877,8.73546,0.020669999999999997,4.53988,4.53924,14.086789999999999,27.09125,-88.52211,0.77379,1,1
MBWM,2021-06-30,16251880.0,16252302.0,10.678302679829603,-0.8368045339054123,9.84149814592419,-6.195860746373037,3.645637399551153,3.645637399551153,-0.710422437387639,2.935214962163514,2.935214962163514,2.935214962163514,3.4142240280792224,32.28182690673604,204.62793516881484,3.4080095238200716,289.8268811396687,224.27358290536318,8.694768285748074,27.17971890997349,262.6773118048139,18.419421445651206,8.838255651414796,27.149569334854842,289.8268811396687,2.935214962163514,0.7322039671672358,34.63441671216791,-36.29387393859651,2.844766236807561,-0.41108022728103377,-30.571669170311996,-39.0368084471972,-1.0620034011181925,0.0,-0.23153643096221077,61.7653425342453,25.573300323855662,4.377841366718388,35.874487195721564,-31.61669036177152,0.34141,0.27488,0.10811,0.01013,-10.771510000000001,9.675189999999999,0.12378,2.93529,2.93522,10.67858,27.150270000000003,-31.61751,1.06203,1,1
MCBC,2021-06-30,34142477.0,34142477.0,2.527057424685385,-0.06736476676838649,2.4596926579169986,-1.3322993525045064,1.1273933054124925,1.1273933054124925,-0.20385164204694345,0.923541663365549,0.923541663365549,0.923541663365549,0.7878748808998246,11.031537049874853,39.99413985107173,1.26273790855889,80.08619292618987,69.94059042640637,1.7573417417839954,0.60391048956407,72.98714735899215,6.405129891425276,0.64892772718277,7.099045567197717,80.08619292618987,0.923541663365549,0.07023509161330034,-1.112953814100834,0.7939084208799496,0.7420961285263515,-0.05444830496627412,0.2534379681942819,0.22701926400946246,-0.31875250293058704,0.0,0.0,19.670570474426913,20.63968586696273,1.1976283970257928,0.60391048956407,2.1409401549864118,0.44613,0.36546,0.13009,0.01153,2.31818,10.281260000000001,0.007540000000000001,0.9235399999999999,0.9235399999999999,2.5270599999999996,7.09905,2.14094,0.31875,1,1
MS,2021-06-30,1663000000.0,1685250000.0,32.29787865301884,0.058151609553478714,32.35603026257232,-21.902981753449044,10.453048509123276,10.453048509123276,-2.402610888592197,8.050437620531078,7.962023438658953,7.64990357513722,70.08930425752855,443.93888147159174,14.445334520100875,3.7139890224002374,687.5964990357513,191.74484497848985,153.17015279632102,128.06764574988875,623.755525886367,18.565198041833558,48.67764426642931,63.84097314938436,687.5964990357513,8.050437620531078,2.2738466102952084,1.0568164960688324,-24.488948227265983,-13.165999109924343,-0.958314790090491,-6.634030559264204,-23.350244770805517,-1.6650348612965435,4.5589675122385405,-1.5962023438658952,26.936062898679722,-7.9460020768431985,12.726895119418485,281.2377985462098,-10.317757009345794,0.32365,0.23685,0.11982999999999999,0.01113,-1.34874,9.77046,0.40902,7.75225,7.6499,32.73001,59.23571999999999,-10.4558,1.6873099999999999,1,1
MTB,2021-06-30,128348250.0,128432500.0,46.215630778813775,-4.087750374710451,42.12788040410332,-26.459564362602922,15.668316041500399,15.668316041500399,-3.7431491250267652,11.925166916473634,11.925166916473634,11.925166916473634,9.80272906001207,56.82382574504117,760.421809121523,8.94587429194324,1171.6743036225255,1000.3415412765461,0.4590504739843887,27.240013236525023,1043.6186479279,51.484748798006734,106.91914429758823,128.05565569462559,1171.6743036225255,11.925166916473634,2.510524983940981,0.20763436046172115,-1.7699024779553463,16.96117415763144,-1.1816168026005878,-223.50940766550522,-211.0047301111479,-4.94567963716349,-21.529348101142624,0.0,193.74610009148773,-0.2974558620286921,18.17884102544138,27.69906371050941,18.970470869912212,0.33903,0.25803000000000004,0.09312000000000001,0.01018,1.59079,8.14973,0.02364,11.93299,11.92517,46.24597,118.40059,18.98292,4.948930000000001,1,1
NAVI,2021-06-30,188750000.0,191250000.0,11.105882352941176,0.1411764705882353,11.24705882352941,-5.08235294117647,6.1647058823529415,5.997385620915033,-1.354248366013072,4.643137254901961,4.643137254901961,4.643137254901961,7.827450980392157,1.584313725490196,400.60130718954247,0.0,444.2196078431373,0.0,29.720261437908498,395.681045751634,429.90849673202615,17.040522875816993,19.18954248366013,14.311111111111112,444.2196078431373,4.643137254901961,0.0,-2.1699346405228757,0.9411764705882353,3.722875816993464,0.0,59.2,43.64967320261438,-0.6326797385620915,-14.797385620915033,-0.8627450980392157,-45.63137254901961,1.7411764705882353,0.0,425.4013071895425,0.0,0.55508,0.41808,0.32444,0.01045,0.0,30.040190000000003,0.9576399999999999,4.70464,4.64314,11.25298,14.42649,0.0,0.6410600000000001,1,3
NKSH,2021-06-30,6483230.0,6483230.0,7.11296683906016,-0.30710001033435497,6.805866828725805,-3.851475267729203,2.954391560996602,2.954391560996602,-0.4746091068803667,2.4797824541162354,2.4797824541162354,2.4797824541162354,2.0278472304699973,90.38982112311301,117.46398014569898,1.547839579962457,234.40059970107492,200.07665931950586,0.0,0.0,203.45815280346372,1.240122593213568,29.236507111424398,30.942446897611223,234.40059970107492,2.4797824541162354,0.10920482537253808,5.463943127114108,-6.23254149551998,2.1274889214172563,-0.2764054337112828,-10.567572028140294,-27.394369781729168,-1.3881969327017551,0.0,-0.2656083464569358,25.707556264392903,0.4406754040809905,3.0635963863691402,0.0,-2.970741435981756,0.41535,0.34863,0.08014,0.010579999999999999,-1.1979799999999998,6.5753699999999995,0.0,2.47978,2.47978,7.11297,30.94245,-2.97074,1.3882,1,1
NTRS,2021-06-30,208127335.0,208790393.0,29.199140398188725,-0.16284274152403172,29.03629765666469,-21.074245499408587,7.962052157256105,7.962052157256105,-2.100671365660009,5.861380791596096,5.861380791596096,5.660701060129716,21.956948948316793,287.4433020488639,163.650249942295,2.3789408739701927,785.1132307605743,658.3511723166305,0.4588333717059482,47.24020036688182,730.2357058162154,6.3350615945246105,59.46442181369906,54.87752494435891,785.1132307605743,5.861380796385588,3.1610649825253216,-0.28928534561453695,13.377052271748921,22.273055446569327,-0.521575722116678,24.44748499036543,-15.752640501040677,-3.008759124276374,-1.0517725305493342,-0.5709074938136641,-13.131351306954052,-5.981118111119222,11.123117139781426,47.69903373858777,26.07926505507368,0.27268000000000003,0.19387000000000001,0.10315,0.007209999999999999,4.607069999999999,13.30664,0.06075,5.67874,5.6607,29.29216,55.05236,26.16235,3.0183400000000002,1,4
OMF,2021-06-30,134340079.0,134586380.0,28.167783396804342,-5.84011547082253,22.32766792598181,-11.331012840972466,10.996655085009344,10.996655085009344,-2.7417335988976004,8.254921486111744,8.254921486111744,8.254921486111744,9.666654233511593,14.496266264090021,125.16125331552865,0.0,158.1512185705567,0.0,0.4086594795104824,124.74516366366345,133.57220842108987,12.31922576415236,11.665370596935588,24.579010149466832,158.1512185705567,8.254921486111744,1.9392749845861075,1.1442465426293507,-0.8247491313757008,16.368669697483504,0.007430172354736044,1.6123474009777214,-2.652571530640768,-7.08095425406345,-28.19007391386855,0.0,-35.30817902970568,-21.592080862862943,12.935930069595452,124.74516366366345,8.633860276203283,0.3904,0.29306,0.33585,0.0522,3.65409,5.4344,0.78877,8.27006,8.25492,28.21943,24.62407,8.570789999999999,7.093939999999999,1,3
OPY,2021-06-30,12563426.0,13178088.0,100.5761989144404,0.0,100.5761989144404,-84.57205628009162,16.004142634348778,16.004142634348778,-4.33128083527747,11.672861799071306,11.672861799071306,11.672861799071306,2.166095718893363,51.79992727321293,84.29409486414114,2.036334861324344,205.57997487951212,0.0,42.997284583317395,0.0,150.96355404516953,5.962169929355458,48.45604309213901,54.616420834342584,205.57997487951212,11.672861799071306,0.6079789420134393,6.536077160814225,-4.192413952615888,14.73901221482206,-0.3187867617821341,0.0,-0.27424312237101467,-1.4055908565794977,-11.692212102393002,-0.49764427130855404,-14.08497196254874,0.37979712990230446,16.612121576362217,42.997284583317395,16.432201697241663,0.15912,0.11606,0.21372,0.05678,1.40773,2.7640700000000002,0.20915,12.24395,11.67286,105.49686000000001,57.288509999999995,17.23614,1.4743600000000001,1,5
PACW,2021-06-30,116745250.0,116745250.0,10.174880776733957,-1.5332529588998267,8.64162781783413,-4.6400174739443365,4.001610343889794,3.9631933633274157,-0.9999635959492998,2.963229767378116,2.963229767378116,2.963229767378116,48.78028013987721,51.04224797154488,160.71506121234054,0.33938854043312255,281.4378572147475,241.75108623263046,0.0,4.159175640978969,250.1377657763378,26.370837357408547,4.795030204655007,31.300091438409698,281.4378572147475,2.963229767378116,0.5202181673344312,0.5078921840503147,-1.112362173193342,4.411331510275579,-0.07470967769566642,5.558564481210157,-13.679691464963243,-1.0118527306250147,-19.919097350855818,-0.03269512035821586,52.80422972240841,43.53586976772074,4.521828511224226,4.159175640978969,4.334720256284517,0.39328,0.29123000000000004,0.09467,0.01053,1.46284,7.9916,0.014780000000000001,2.96323,2.96323,10.17488,31.30009,4.33472,1.01185,1,1
PBCT,2021-06-30,418275000.0,420800000.0,4.6418726235741445,-0.2583174904942966,4.383555133079848,-2.858602661596958,1.5249524714828897,0.8664448669201521,-0.311074144486692,0.5553707224334601,0.5553707224334601,0.5218631178707225,12.966492395437262,25.88403041825095,100.69058935361217,0.6404467680608364,152.50118821055133,127.0800855513308,1.393060836501901,3.7381178707224336,134.45888783269962,18.0263783269962,3.390922053231939,18.042300380228138,152.50118821292776,0.5553707224334601,0.1998574144486692,1.4413022813688212,0.12262357414448669,2.577471482889734,-0.11454372623574144,3.607889733840304,-1.347671102661597,-0.7523764258555133,-11.29990494296578,0.057747148288973385,8.761644486692015,9.991444866920151,1.724809885931559,5.1311787072243344,2.043963878326996,0.32852,0.11243,0.028919999999999998,0.0034200000000000003,3.91667,7.45242,0.03365,0.5250100000000001,0.52186,4.6698900000000005,17.567629999999998,2.0563,0.75692,1,1
PGC,2021-06-30,18919816.0,19194216.0,9.385483626942616,-0.6577502305902987,8.727733396352317,-6.685243096149382,2.042490300202936,2.697062490075135,-0.7174557168680399,1.9796067732070952,1.9796067732070952,1.9796067732070952,0.425075970802871,49.50970646573947,224.5673905097244,1.2118233951311166,311.01176521093646,257.6251616632844,1.1215878783483524,18.235545541427687,283.79309683708885,0.8929773427578391,12.173979911448324,27.21866837384762,311.01176521093646,1.9796067732070952,0.23293475492825547,13.955766674710757,-12.030811782049343,3.1072381388226535,-0.22970461518199023,-18.36954424186953,-26.74138917682285,-0.19693432646584783,-17.64422157174849,-0.15202496418712805,8.136461525701284,-15.497689512298914,2.2754250551311914,19.35713341977604,-9.267635625232101,0.21761999999999998,0.21091999999999997,0.07272999999999999,0.006370000000000001,-4.68155,10.42641,0.06224,2.00832,1.9796099999999999,9.5216,27.613429999999997,-9.40205,0.19979,1,1
PNC,2021-06-30,426250000.0,426000000.0,38.97652582159625,-4.014084507042254,34.96244131455399,-24.24413145539906,10.71830985915493,10.71830985915493,-1.5305164319248827,9.187793427230046,19.77699530516432,19.24413145539906,17.5,245.6361502347418,545.3028169014085,0.0,1113.6478873239437,880.4389671361503,2.89906103286385,70.14084507042253,987.1713615023474,43.64319248826291,112.94131455399061,126.47652582159624,1113.6478873239437,19.880281690140844,3.624413145539906,-19.854460093896712,6.737089201877934,14.401408450704226,0.0,-91.28403755868544,-79.37793427230046,-5.147887323943662,19.800469483568076,-1.3591549295774648,64.88732394366197,-0.0892018779342723,14.342723004694836,70.14084507042253,0.0,0.27499,0.49373999999999996,0.15216,0.01728,0.0,7.8051699999999995,0.06298,19.23284,19.24413,38.95367,126.33196000000001,0.0,5.14487,1,1
PNFP,2021-06-30,75268859.0,75577099.0,15.762420306712222,-1.310979136682661,14.451441170029561,-7.857975601842035,6.593465568187527,6.593465568187527,-1.1765733426735525,5.416892225513974,5.416892225513974,5.266132271099742,2.504078649539062,68.56190656378594,301.75569453916194,3.8307239075159525,467.0688008281451,374.3586400425346,11.155747060362822,11.751112595629001,401.44675307000074,41.062690167559886,20.05172228163984,65.6220477581443,467.0688008281451,5.416892225513974,0.6487811870101021,-6.59186455410256,5.756717388689396,6.541505383793575,-0.5045311411066467,-41.966667707105294,-52.859570595584785,-0.6728096298059814,-18.925177321241186,2.8228789252680895,74.9383751816142,28.620309969823,7.2422467551976295,22.906859655991823,13.671006345453932,0.4183,0.33409,0.08025,0.01127,2.59602,6.11756,0.04904,5.2877,5.26613,15.826970000000001,63.00611,13.726989999999999,0.67556,1,1
PROV,2021-06-30,7444577.0,7484432.0,4.795019849201649,-0.06774061144519718,4.727279237756452,-3.662669391611815,1.0646098461446374,1.0646098461446374,-0.28886627602468695,0.7757435701199503,0.7757435701199503,0.7757435701199503,9.570398929404396,145.83952396120372,118.23916631215302,1.2837313506221981,158.9026395055764,124.75976800911546,0.0,14.830784754273939,142.101097317739,13.027708715905229,26.113270853419472,16.801542187837367,158.9026395055764,0.7757435701199503,0.7456811685910166,0.09913911970875011,0.11824544601380572,1.7466923341677765,-0.03594127116125846,9.560645350241675,-13.254312418096657,-0.5564884549689275,-2.681566216380882,0.0014697174080812012,9.821319774165895,-1.6863003097629854,1.810291014735654,14.830784754273939,2.1814614656128883,0.22202,0.16178,0.046169999999999996,0.00488,2.81209,8.45762,0.09333,0.7799,0.77574,4.82069,16.89149,2.19314,0.55947,1,1
RF,2021-06-30,960000000.0,963750000.0,6.725810635538262,-0.8456549935149157,5.880155642023347,-3.875486381322957,2.004669260700389,2.004669260700389,-0.3714656290531777,1.6332036316472114,1.6332036316472114,1.5211413748378728,1.9901426718547341,29.209857328145265,85.89260700389104,1.9216601815823606,159.0983138780804,134.47678339818418,1.7182879377431906,3.02568093385214,142.28274967574578,13.229571984435797,4.394293125810636,16.81556420233463,159.0983138780804,1.6332036316472114,0.4378728923476005,6.842023346303502,-7.417898832684825,2.3377431906614787,0.0,4.23242542153048,0.3735408560311284,-0.7294422827496757,-12.61011673151751,0.3590142671854734,17.690272373540857,20.40155642023346,2.44254215304799,4.743968871595331,0.0,0.29806,0.22616,0.09046,0.009559999999999999,0.0,8.46137,0.02982,1.52708,1.52114,6.75208,16.88125,0.0,0.73229,1,1
SCHW,2021-06-30,1577750000.0,1584500000.0,8.702429788576838,0.0,8.702429788576838,-5.33101924897444,3.3714105396023983,3.2899968444304197,-0.7731145471757652,2.5168822972546545,2.5168822972546545,2.318712527611234,30.408330703692016,241.35626380561692,16.043546860208266,1.9274218996528873,355.6055538024614,233.44777532344588,1.577784790154623,11.169454086462606,320.5194067529189,16.81918586304828,14.533922372988325,35.08614704954244,355.6055538024614,2.5168822972546545,0.37929946355317135,-4.982644367308299,-2.967497633322815,-5.053960239823288,0.09845377090564847,-3.8674660776270118,-75.61565162511833,-0.9113284947933102,4.891763963395393,4.985168822972547,67.24708109813821,-13.422530766803408,3.75071000315557,12.74723887661723,1.6547806879141684,0.38741,0.26644,0.06609,0.006520000000000001,0.7136600000000001,9.13521,0.03585,2.32863,2.31871,8.73966,28.556490000000004,1.66186,0.9152299999999999,1,5
SF,2021-06-30,106378250.0,115309625.0,34.46213618334116,-0.08407797701189298,34.378058206329264,-27.752887063850913,6.625171142478349,6.625171142478349,-1.509396982255384,5.115774160222965,5.115774160222965,4.849482426120109,12.362463237565814,177.56184707044187,5.20877593696103,1.4370613034254514,244.0523156674909,169.98400610530126,7.397387685546631,10.169766834295055,206.59774932057925,15.882152075336295,19.10249036019326,37.45456634691163,244.0523156674909,5.115774160222965,0.531161210523406,4.64881400837094,-0.3458254243737242,9.949923954743587,4.484022907888218,-16.71740758848188,-20.34742546426632,-0.7060381993263789,-3.0697350719855345,1.767900988317324,9.718416827736627,-0.5141374798504461,7.156332353001755,17.567154519841687,12.803926818771634,0.19224000000000002,0.14072,0.12947999999999998,0.01987,2.64027,5.51596,0.07198,5.25664,4.849480000000001,37.35553,35.56998,13.878929999999999,0.76532,1,4
SFBC,2021-06-30,2569953.0,2598350.0,14.137433371177863,-0.2597802451555795,13.877653126022283,-8.81520965227933,5.0624434737429524,5.066676929589932,-1.0614428387245751,4.005234090865357,4.005234090865357,4.005234090865357,103.75546019589355,13.675216964612158,234.164758404372,2.3564954682779455,360.47915022995363,314.3121596397714,0.6719649008024323,4.465141339696346,326.69848172878943,10.573248407643312,23.081955856601304,33.7806685011642,360.47915022995363,4.005234090865357,0.32174264437046585,117.36486616506629,-117.88096291877538,4.0706602266823175,-0.03117362941866954,3.9817576538957415,4.673735255065715,-0.7200723536090211,1.7680451055477515,0.006927473204148786,71.15130756056729,79.89570304231532,5.384186118113418,5.137106240498778,-111.46650759135605,0.35809,0.28331,0.11857000000000001,0.01111,-27.830209999999997,9.67117,0.01425,4.0494900000000005,4.00523,14.29365,34.10218,-112.69816999999999,0.7280300000000001,1,1
SIVB,2021-06-30,51838750.0,52367000.0,87.34737525540893,0.10103691255943628,87.44841216796837,-43.37573280882999,44.07267935913839,44.07267935913839,-11.181564725876983,32.8911146332614,30.736150629213054,30.385242614623714,405.88269329921513,1317.792732064086,902.923883361659,3.4310539079954934,2718.2504248859013,2370.769874157389,0.7339354937269654,25.5539366394867,2524.984073939695,49.47065900280711,118.47096453873623,193.2663509462066,2718.2504248859013,32.8911146332614,2.0426031661160655,-5.752153073500487,-0.6029751561097638,28.477552657207784,-1.45454198254626,-222.82162430538315,-985.6707277483912,-0.3509080145893406,-40.299215154582086,33.31785284625814,1180.490499742204,223.2973246510207,46.11528252525446,26.287872133213664,55.239330112475415,0.50457,0.34786999999999996,0.15722,0.011179999999999999,1.81797,13.064789999999999,0.00967,30.694879999999998,30.385240000000003,88.23747,170.05732,55.80223,0.35448,1,1
SRCE,2021-06-30,25476548.0,25476548.0,13.091412541447923,-1.0616037934181664,12.029808748029756,-7.2604812865542065,4.76932746147555,4.76932746147555,-1.1130628843436716,3.6562645771318785,3.655479541419819,3.655479541419819,2.7351821761723762,51.76403804785483,211.31336160613282,1.8953902231966435,294.85670507637064,240.66608239075404,7.088911731683586,5.514326352220089,258.1264934323127,17.13489598355319,21.02863386358309,36.7302116440579,294.85670507637064,3.6562645771318785,0.2963902330880934,15.801787589119217,-14.391431680618583,6.424614512138771,-0.03662191596757928,-18.806433273456044,-26.51371763552896,-1.1677406216886212,-4.131917715068776,-0.5101554574819163,28.475443376394637,8.38634025300445,5.065717694563643,12.603238083903674,-8.249273017678847,0.36430999999999997,0.27923000000000003,0.09952000000000001,0.0124,-2.2566900000000003,7.02763,0.04274,3.6554800000000003,3.6554800000000003,13.09141,34.98492,-8.24927,1.16774,1,1
STBA,2021-06-30,39007856.0,39049001.0,8.823887709700948,-2.9324949951984687,5.891392714502478,-4.758969377987416,1.1324233365150622,1.1324233365150622,-0.11544469473111489,1.0169786417839473,1.0169786417839473,1.0169786417839473,5.88148208964424,40.55427691991403,181.00506591705124,1.401316259025423,238.9044216521698,201.69601778032683,3.3679222677169127,0.59622524017964,208.98616586887843,12.931854517865899,18.738456330803444,29.918255783291357,238.9044216521698,0.5388101990112372,0.3034648696902643,8.826269332728897,-11.665343243992337,5.212860631184905,-0.12038720273535294,-0.5398857707012786,-1.411482972381291,-1.123537065647339,-12.967502036735844,-0.004251069060639989,8.586775369746334,12.388153028549949,0.9022253859964305,3.964147507896553,-10.901251993616944,0.12834,0.11525,0.03399,0.00426,-20.23208,6.985239999999999,0.01659,1.01805,1.01698,8.8332,29.94981,-10.89527,1.1247200000000002,1,1
STT,2021-06-30,352114250.0,356530250.0,32.502150939506535,-0.12060687697607707,32.38154406253046,-24.525268192530646,7.856275869999811,7.718840126468932,-1.253750558332708,6.465089568136224,6.465089568136224,6.075220826283323,12.767500092909367,316.9380438265757,88.25899064665622,6.0107101711565845,888.8025630363763,686.8786028674987,4.008075051135212,38.807366275372146,818.6682616692412,35.640734551977005,66.61706825718154,70.13430136713505,888.8025630363763,6.465089568136224,0.6563257956372566,3.1722413455800735,-22.404831006625663,-11.889594220967226,-1.7053251442198805,104.41189772817313,151.58040587018914,-2.4345760282612767,-101.22002270494579,-2.849688069946379,-140.75663986435933,-1.0658282151374252,8.512601665637067,42.81544132650736,-14.34380392687577,0.24172,0.18692,0.08662,0.006840000000000001,-2.36103,11.67287,0.04817,6.15141,6.07522,32.90977,71.01388,-14.5237,2.4651099999999997,1,4
SYF,2021-06-30,583600000.0,585825000.0,19.37780053770324,-6.771646822856655,12.606153714846585,-7.946058976656851,4.660094738189732,4.660094738189732,-1.034438612213545,3.6256561259761875,3.6256561259761875,3.535185422267742,28.370247087440788,11.18081338283617,114.29522468313917,0.0,163.622242137157,107.13267614048564,0.0,25.878035249434557,140.6819442666325,16.37519737122861,19.57922587803525,22.940297870524475,163.622242137157,3.6256561259761875,0.6520718644646438,-0.646950881235864,2.893355524260658,13.29577945632228,0.0,1.3297486450731875,0.43016259121751377,-0.9473818973242862,-2.7363120385780735,-1.194896086715316,-8.062134596509196,5.663807451030598,5.312166602654377,25.878035249434557,0.0,0.24049,0.18243,0.1541,0.02161,0.0,6.1325199999999995,0.15816,3.54866,3.53519,19.45168,21.77005,0.0,0.95099,1,3
TCBI,2021-06-30,50465250.0,50731656.0,20.76431331159385,-3.0750031104839155,17.689310201109933,-13.380383246310746,4.308926954799189,4.102231553411149,-1.0486351953502169,3.0535963580609313,3.0535963580609313,2.8349754638405655,4.254444207380102,292.3543438045862,476.34500636052564,0.4601860424189583,789.5352952799333,658.2077667640102,2.2783999008429765,60.415295727779906,727.256981321485,28.27045503896029,35.11052349641415,62.27831395844835,789.5352952799333,3.0535963580609313,1.7320546366552672,209.78388720447052,-196.89702224583405,20.74751906383659,-0.053477457940659376,-2.1559319885004347,-67.15976312699117,-0.21862089422036607,-43.9801334299042,5.710891834479048,81.25313315220777,34.84088908905319,6.040981591454456,62.69369562862288,-189.86088291697004,0.20751999999999998,0.13652999999999998,0.04552,0.00359,-66.97091,11.67753,0.07941000000000001,2.84994,2.83498,20.873929999999998,62.60708,-190.86316000000002,0.21977,1,1
TFC,2021-06-30,1347403500.0,1358635750.0,16.616668595685045,-1.09668835079601,15.519980244889037,-10.267652680271368,5.252327564617669,4.423555025693973,-0.8155239548201201,3.6080310708738526,3.6058229735232565,3.335699064300347,3.7515573986625923,95.86822663837603,210.394139856838,2.787354888902342,380.92402617846614,291.14646806548404,4.334495099219934,27.787433092350174,330.9650875887816,30.97518963416059,14.856078974809842,49.95893858968454,380.92402617846614,3.6080310708738526,1.1437944276087244,-0.032385427808741235,-3.7729023397183536,2.0432260817514925,-0.33121460258939894,21.26103335643862,-15.469930038275528,-2.0373378221499028,-24.788100857790617,1.4691207705965341,10.323591146486466,-3.103112810037569,6.396121992226393,32.12192819157011,3.107529004738761,0.31609,0.20074,0.06677000000000001,0.008759999999999999,0.9316,6.624739999999999,0.08433,3.3635099999999998,3.3357,16.75519,45.0882,3.1334299999999997,2.05432,1,1
TFSL,2021-06-30,276239697.0,277960923.0,1.0783602125252691,0.021585768010994842,1.0999459805362641,-0.7049012425390456,0.3950447379972184,0.3950447379972184,-0.07691009142317462,0.3181346465740438,0.3181346465740438,0.3181346465740438,2.393861672419328,2.3285467360460594,45.62378000162275,0.1433474877330149,52.038911958858336,33.236366106037146,0.33856557599645043,14.688938847709899,45.910456988948766,6.145061620766024,3.055803638988492,6.128454969909566,52.038911958858336,0.3181346465740438,0.13900874836280494,0.018463026905404252,-0.10435279782115273,0.37125362402110024,-0.00815942030815605,2.9253320618740353,3.065157471793256,-0.20300335525940097,-2.8393703383982505,3.597628001832473e-06,-2.1667398190356417,1.2696712767787146,0.5340534863600234,0.33856557599645043,0.4984513596538892,0.36634,0.29502,0.051910000000000005,0.00611,1.56679,7.49136,0.006509999999999999,0.32011999999999996,0.31813,1.0850799999999998,6.16664,0.50156,0.20427,1,1
TSC,2021-06-30,29028483.0,29574016.0,6.7362511740035576,-0.5623517617627583,6.173899412240799,-4.234697107082109,1.9392023051586906,1.9392023051586906,-0.2979304535440841,1.6412718516146065,1.6412718516146065,1.3379650568931862,0.01153039208472735,44.068718972763115,287.70316483226355,0.4644279627088861,357.2443458473817,312.7752078040399,0.0,0.0,331.0630521062814,12.440752043956424,9.034789187914148,26.181293741100294,357.2443458473817,1.6412718516146065,0.14553315991984314,0.4379520184204945,0.19976996022454305,3.088082457248958,0.0,-53.60127620137894,-75.34235458586348,-0.2653004583483014,-2.7050773219301703,6.639815167476747,53.195514603089414,-19.05875752552511,2.0847354650785337,0.0,0.0,0.28788,0.19862,0.0511,0.00375,0.0,12.64502,0.0,1.36311,1.33797,6.86285,23.20666,0.0,0.27029000000000003,1,1
UMBF,2021-06-30,47989483.0,48301469.0,27.37063752657295,-0.7246156426422559,26.646021883930693,-17.273429095914246,9.372592788016448,9.372592788016448,-1.451839901598024,7.920752886418423,7.920752886418423,7.920752886418423,8.016940437153163,230.22925037745748,337.3514581927105,5.9225527902681385,717.7709025785531,585.5058362717705,57.13735124701901,5.591424144884703,656.5255810335707,23.78238227081665,40.75068607126628,61.24532154498241,717.7709025785531,7.920752886418423,1.0860746284962886,1.568710053104182,-1.3588406596909093,9.94131255097024,-0.9993484877240483,-64.54627705008309,-120.26135271372388,-1.2543510840218959,21.772650434296317,0.13585508134338523,167.75676118670427,57.43672102395064,10.458667416512736,62.72877539190371,9.552318170695802,0.34243,0.28939000000000004,0.12933,0.011040000000000001,1.20599,10.7196,0.08739,7.97225,7.92075,27.548579999999998,61.64349,9.614419999999999,1.26251,1,1
UMPQ,2021-06-30,220216000.0,220216000.0,6.201088930867876,-0.39404947869364626,5.807039452174229,-3.5012033639699203,2.3058360882043085,2.3058360882043085,-0.3247629600029062,1.9810731282014022,1.9810731282014022,1.9810731282014022,14.718190322229084,16.240495695135685,99.21884422566934,0.8018082246521597,136.39644712464127,117.55200802848113,3.1876975333309114,1.678606459112871,124.2180904203146,15.962727503905256,-3.9575280633559777,12.178356704326662,136.39644712464127,1.9810731282014022,0.15875322410724016,32.28280869691576,-32.070044865041595,2.7466396628764485,-0.0547190031605333,-3.8516547389835436,-6.27185127329531,-0.8399843789733716,-4.1550114433102046,-0.010884767682638864,10.715720020343662,7.190508409924801,2.4645893123115488,4.8663039924437825,-29.335411595887674,0.37184,0.31947,0.16267,0.014519999999999998,-14.807839999999999,10.199910000000001,0.03568,1.98107,1.98107,6.20109,12.178360000000001,-29.335409999999996,0.83998,1,1
USB,2021-06-30,1505000000.0,1506000000.0,15.220451527224435,-1.3187250996015936,13.901726427622842,-8.91899070385126,4.98273572377158,4.98273572377158,-0.9382470119521913,4.0444887118193895,4.029216467463479,3.7901726427622844,28.885126162018594,109.55776892430279,191.29083665338646,2.249667994687915,367.4468791500664,288.02191235059763,8.0332005312085,24.846613545816734,332.7138114209827,5.649402390438247,43.65205843293493,34.733067729083665,367.4468791500664,4.029216467463479,0.3452855245683931,47.43691899070385,-51.603585657370516,1.5265604249667994,0.0,23.12948207171315,-8.397742363877821,-1.8904382470119523,-19.320717131474105,0.053784860557768925,4.677290836653387,-2.193891102257636,5.328021248339973,32.87981407702523,0.0,0.32737,0.24902,0.10912000000000001,0.01031,0.0,9.57917,0.08947999999999999,3.7926900000000003,3.79017,15.23056,30.372090000000004,0.0,1.89169,1,1
WAL,2021-06-30,100068000.0,100431250.0,12.949863712738814,-0.3985213765635696,12.551342336175244,-5.038939573091045,7.512402763084199,7.5118849959549445,-1.3869388263115314,6.124946169643413,6.124946169643413,6.124946169643413,53.23542224158317,85.17269276246188,283.4167652000747,1.3780571286327712,432.10654054390443,382.282407119298,0.15831725682992095,5.46343891965897,395.13896322110895,16.012944178231376,0.19814549754185076,36.96757732279544,432.10654054390443,6.124946169643413,0.2380235235546705,0.35202190553239154,-0.678055884000249,6.435457091293795,-0.20535440911071007,-74.76059493434563,-91.61049971995769,-0.251913622502956,-1.6250420063476259,1.9919198456655673,134.27117555541727,49.09613292675338,7.75042628663887,5.6217561764888915,8.253954819839443,0.58011,0.47297,0.16568,0.014169999999999999,1.3476,10.6888,0.013009999999999999,6.1471800000000005,6.12495,12.99687,37.10177,8.28392,0.25283,1,1
WFC,2021-06-30,4127125000.0,4143125000.0,17.54376225675064,-2.1906169859707347,15.353145270779907,-13.77197163976467,1.581173631015236,1.2162317091567356,0.6849901945994871,1.9012219037562226,1.7836777794539147,1.4556645044501433,6.840006034092624,142.70291144969076,203.86640518931966,2.1143460552119473,472.9625584552723,346.8683662694222,14.221149494644743,44.244863478654395,427.50218735857595,16.65168200331875,40.252707799064716,45.460371096696335,472.9625584552723,1.9012219037562226,2.197616533413788,25.427183587268065,-36.22820938301403,-4.511570372605219,0.1996077839794841,8.903182983858802,44.021119324181626,-1.0834816714436566,-19.423020063357974,-0.7631920349977372,-6.702428722280887,32.80712022929552,3.778790164429024,58.466012973299144,-32.934801629205005,0.09013,0.08297,0.03202,0.0030800000000000003,-22.62527,9.403839999999999,0.12362000000000001,1.46131,1.45566,17.61178,40.23333,-33.06248,1.08768,1,1
WSBC,2021-06-30,67205087.0,67252577.0,9.058091558335377,-0.7429009002881778,8.3151906580472,-5.121394827740207,3.193795830306993,3.113323077567719,-0.5593242917665445,2.553998785801175,2.553998785801175,2.4770500615909485,11.286526611463527,53.5560890105371,156.77127138191298,3.5665993884516873,253.6376858837692,197.568622537691,2.040338171725375,9.314349396603792,212.21887155342762,26.436711860126938,13.081818411211216,41.41881433034157,253.6376858837692,0.0,0.0,0.0,0.0,1.1706019830288437,-0.10390679899150927,-4.351134381066171,-12.94082753141192,-1.350595085746677,-20.058294569143424,2.157523272305238,14.226280131986615,2.4560545836035397,0.0,11.354687568329165,0.0,0.35259,0.27346,0.0598,0.009770000000000001,0.0,5.12373,0.04477,2.4788,2.47705,9.06449,39.298190000000005,0.0,1.35155,1,1
ZION,2021-06-30,163589000.0,163335250.0,17.27734827601513,-0.1469370512488884,17.13041122476624,-10.597834821326076,6.532576403440164,6.532576403440164,-1.346922969781477,5.185653433658687,5.185653433658687,4.977492611056094,3.526489229973322,106.62732018961002,323.4206945530741,7.567258139317753,521.1428641398596,452.1559185785065,6.3182932037022015,7.952967898846085,472.5740463249666,16.242666540137538,27.95477400010102,48.56881781489299,521.1428641398596,5.185653433658687,0.2326503311440733,0.5326468107772204,0.33060836530999893,6.428495992138868,-1.3714124783229584,-73.06444873350976,-86.18470293460842,-1.9897725689953638,-19.358956502041046,0.1959160683318512,78.81336086362252,-0.942846078847034,6.765226734584237,14.271261102548287,7.071345591352754,0.3781,0.28809,0.10248,0.00955,1.42066,9.729989999999999,0.02738,4.96977,4.97749,17.25055,45.033590000000004,7.06038,1.98669,1,1
